page_content,latex_content
"建模背景
在复杂系统分析中，常常需要构建能够反映变量间非线性交互作用的数学模型。该模型旨在
模拟两个输入变量x 和y 对某一目标输出的综合影响，其中包含了周期性
变化与线性交互的成分。该建模方法适用于描述如环境因素对系统响应的影响、多因子耦合
作用下的信号响应机制等场景。尽管模型本身为确定性函数，但其结构设计使得输出呈现出
类随机波动的特性，从而更好地模拟真实世界中的复杂行为。
建模公式
fun(𝑥, 𝑦) = 2.5 ⋅sin(𝑥) + 1.8 ⋅cos(𝑦) + 0.3 ⋅𝑥⋅𝑦
该公式融合了变量x 和y 的非线性主效应及其乘积项所代表的交互效应，
能够有效刻画输入变量之间的动态相互作用。
1
","\[
\text{fun}(x, y) = 2.5 \cdot \sin(x) + 1.8 \cdot \cos(y) + 0.3 \cdot x \cdot y
\]"
"建模背景
在水产养殖系统中，溶解氧（DO）是影响水生生物健康和生长的关键水质参数之一。为了
实现对水体中溶解氧浓度的动态预测和调控，有必要建立能够反映其随时间和空间变化的数
学模型。本模型基于扩散-反应机制，结合环境因素和生物活动的影响，构建了一个简化的
偏微分方程框架，用于模拟溶解氧在养殖水体中的分布特征。该模型综合考虑了物理扩散、
气体交换、温度对溶解氧饱和度的影响，以及生物代谢引起的氧消耗过程，适用于对水产养
殖系统中的溶解氧变化趋势进行预测与分析。
建模公式
模型的基本形式为一个一维稳态偏微分方程：
𝜕𝐶
𝜕𝑡= 𝐷𝜕2𝐶
𝜕𝑥2 −𝑘(𝐶−𝐶sat) + 𝑅(bio_load, temp)
其中，$ C $ 表示溶解氧浓度，$ D $ 为扩散系数，$ k $
为气体交换速率系数，$ C_{sat} $
是温度相关的溶解氧饱和浓度，$ R $ 表示由生物负载和水温决定的耗氧速率函数。
模型进一步通过经验关系对空间和时间效应进行参数化处理，从而构建出适用于实际应用的
数值模拟函数。
1
","\documentclass{article}
\usepackage{amsmath}

\begin{document}

\section*{建模背景}
在水产养殖系统中，溶解氧（DO）是影响水生生物健康和生长的关键水质参数之一。为了
实现对水体中溶解氧浓度的动态预测和调控，有必要建立能够反映其随时间和空间变化的数
学模型。本模型基于扩散-反应机制，结合环境因素和生物活动的影响，构建了一个简化的
偏微分方程框架，用于模拟溶解氧在养殖水体中的分布特征。该模型综合考虑了物理扩散、
气体交换、温度对溶解氧饱和度的影响，以及生物代谢引起的氧消耗过程，适用于对水产养
殖系统中的溶解氧变化趋势进行预测与分析。

\section*{建模公式}
模型的基本形式为一个一维稳态偏微分方程：
\[
\frac{\partial C}{\partial t} = D \frac{\partial^2 C}{\partial x^2} - k(C - C_{\text{sat}}) + R(\text{bio\_load, temp})
\]
其中，\( C \) 表示溶解氧浓度，\( D \) 为扩散系数，\( k \) 为气体交换速率系数，\( C_{\text{sat}} \) 是温度相关的溶解氧饱和浓度，\( R \) 表示由生物负载和水温决定的耗氧速率函数。
模型进一步通过经验关系对空间和时间效应进行参数化处理，从而构建出适用于实际应用的
数值模拟函数。

\end{document}"
"建模背景
在水产养殖系统中，溶解氧（Dissolved Oxygen, DO）是影响水生生
物健康和生长的关键环境因子之一。其浓度受多种因素影响，包括水体自净能力、微生物活
动、水生生物呼吸作用以及外界环境（如温度、光照、风力等）的周期性变化。为了更好地
理解和预测DO的动态变化趋势，建立一个能够反映其非线性行为的数学模型具有重要意义
。该模型可用于模拟封闭或半封闭养殖系统中DO浓度随时间演变的过程，为水质调控和管
理提供理论支持。
建模公式
基于非线性动力学的建模思路，构建如下表达式以描述溶解氧浓度随时间变化的规律：
𝐷𝑂(𝑡) = 𝑎⋅𝑒−𝑏⋅𝑡+ 𝑐⋅sin(𝑑⋅𝑡)
该模型融合了指数衰减项和周期性扰动项，分别反映溶解氧的自然消耗过程和环境因素引起
的波动特性。其中：
• $ a $ 表示初始溶解氧释放量，反映系统初始状态下的氧含量；
• $ b $ 为溶解氧的衰减系数，刻画其随时间自然下降的速率；
• $ c $
表示环境扰动的振幅，体现外部周期性因素（如昼夜变化）对DO浓度的影响强度；
• $ d $ 为环境扰动的频率，反映扰动周期的快慢。
1
通过该模型，可以对养殖系统中溶解氧的动态变化进行定量模拟与分析，为水质调控策略的
制定提供依据。
2
",\[ \text{DO}(t) = a \cdot e^{-b \cdot t} + c \cdot \sin(d \cdot t) \]
"建模背景
在电子商务运营中，准确预测每日订单增长量对于库存管理、资源配置和营销策略优化具有
重要意义。为了构建一个简洁且具有解释性的预测模型，我们考虑从三个关键业务驱动因素
出发：广告支出（ad_spend）、当日折扣力度（‘discount_rat
e￿￿￿￿￿￿￿￿￿￿￿prev_orders‘）。这些变量分别代表了市场推
广投入、价格刺激效应以及订单增长的惯性趋势。
基于上述变量，我们设计了一个用于预测当日订单数量的一阶线性差分方程模型。该模型以
历史数据为基础，通过量化各因素对订单增长的影响程度，建立输入变量与输出目标之间的
动态关系。模型具有良好的可解释性和一定的预测能力，适用于短期订单趋势模拟与敏感性
分析。
建模公式
orders𝑡= 𝛼⋅ad_spend𝑡+ 𝛽⋅discount_rate𝑡+ 𝛾⋅prev_orders𝑡
其中，𝛼= 0.05
表示广告支出对订单量的敏感系数，𝛽= 100
表示折扣率对订单量的放大系数，𝛾= 0.7 表示前一日订单数量对
当前日订单趋势的惯性影响。该模型通过线性组合的方式，综合评估各因素对当日订单增长
的贡献，形成对订单数量的预测值。
1
","\[
\text{orders}_t = \alpha \cdot \text{ad\_spend}_t + \beta \cdot \text{discount\_rate}_t + \gamma \cdot \text{prev\_orders}_t
\]

其中，\(\alpha = 0.05\) 表示广告支出对订单量的敏感系数，\(\beta = 100\) 表示折扣率对订单量的放大系数，\(\gamma = 0.7\) 表示前一日订单数量对当前日订单趋势的惯性影响。"
"## 建模背景

农业产量受到多种环境和管理因素的综合影响，为了量化这些因素对作物产量的作用，构建

了一个简化的代数模型。该模型综合考虑了五个关键变量：平均生长温度、生长期间降水量

、施肥量、每日平均光照时长以及土壤质量指数。通过参数组合与归一化处理，模型旨在反

映不同条件下作物产量的变化趋势，为农业决策提供理论支持。

## 建模公式

模型的基本形式为：
$$ \text{yield\_prediction} = \text{base\_yield} \times \text{temp\_factor} \times \text{rainfall\_factor} \times \text{fertilizer\_factor} \times \text{sunlight\_factor} \times \text{soil\_factor} $$


其中：



- $ \text{temp\_factor} = 1.0 - \frac{|\text{temp} - 25|}{25} $，表示温度对产量的影响，以25℃为最适温度；

- $ \text{rainfall\_factor} = 1.0 - \frac{|\text{rainfall} - 600|}{600} $，表示降水量对产量的影响，以600mm为最优；

- $ \text{fertilizer\_factor} = 1.0 + \frac{\text{fertilizer}}{200} $，表示施肥量与产量的正相关关系；

- $ \text{sunlight\_factor} = 0.8 + \frac{\text{sunlight}}{12} \times 0.4 $，表示光照时长在8~12小时范围内对作物最为有利；

- $ \text{soil\_factor} = 1.0 + \text{soil\_quality} $，表示土壤质量越高，对产量的促进作用越强；

- $ \text{base\_yield} $ 为设定的基础产量水平，取值为5.0吨/公顷。



最终输出的产量为上述各因子乘积作用后的预测值，且产量不能为负。","$$ \text{yield\_prediction} = \text{base\_yield} \times \text{temp\_factor} \times \text{rainfall\_factor} \times \text{fertilizer\_factor} \times \text{sunlight\_factor} \times \text{soil\_factor} $$

- \( \text{temp\_factor} = 1.0 - \frac{|\text{temp} - 25|}{25} \)

- \( \text{rainfall\_factor} = 1.0 - \frac{|\text{rainfall} - 600|}{600} \)

- \( \text{fertilizer\_factor} = 1.0 + \frac{\text{fertilizer}}{200} \)

- \( \text{sunlight\_factor} = 0.8 + \frac{\text{sunlight}}{12} \times 0.4 \)

- \( \text{soil\_factor} = 1.0 + \text{soil\_quality} \)"
"建模背景
在食品加工与制造过程中，干燥是一个关键的工艺环节，广泛应用于食品保存、品质控制及
延长货架期等方面。水分含量的控制对于确保食品的稳定性和安全性至关重要。为了有效管
理干燥过程，需要建立能够准确预测食品在干燥过程中水分变化的数学模型。该模型有助于
优化干燥时间、温度以及其他工艺参数，从而提高生产效率并保证产品质量。
本模型聚焦于食品干燥过程中的水分蒸发行为，假设水分蒸发速率与当前水分含量成正比，
通过积分方法计算在给定时间范围内食品的累计水分蒸发量。该模型可作为干燥过程模拟与
优化的基础工具。
建模公式
模型中水分含量随时间的变化关系表示为：
𝑀(𝑡) = 𝑀0 ⋅𝑒−𝑘𝑡
其中$ M(t) $ 表示t 时刻食品的水分含量，$ M_0 $
为初始水分含量，$ k $ 为水分蒸发速率常数，$ t $ 为干燥时间。
累计水分蒸发量的表达式为：
Evaporated(𝑇) = ∫
𝑇
0
𝑀0(1 −𝑒−𝑘𝑡) 𝑑𝑡
1
通过积分计算可得：
Evaporated(𝑇) = 𝑀0 (𝑇+ 𝑒−𝑘𝑇−1
𝑘
)
该公式可用于预测在干燥时间$ T $
内食品的总水分损失量，为食品干燥工艺的设计与控制提供理论依据。
2
","\[ M(t) = M_0 \cdot e^{-kt} \]

\[ \text{Evaporated}(T) = \int_0^T M_0 (1 - e^{-kt}) \, dt \]

\[ \text{Evaporated}(T) = M_0 \left( T + \frac{e^{-kT} - 1}{k} \right) \]"
"建模背景
在农业科研领域，准确预测作物产量对于制定种植策略、优化资源配置以及提升农业生产效
率具有重要意义。本模型旨在构建一个基于关键环境与土壤因素的确定性方程，用于估算单
位面积上的作物产量。该模型综合考虑了土壤肥力、灌溉量以及气温对作物生长的影响，适
用于在可控环境条件下对产量进行定量分析和趋势预测。
建模公式
模型采用如下确定性方程：
$$
Y = a ⋅F + b ⋅I - c ⋅T^2
$$
其中，$ Y $ 表示单位面积作物产量（kg/ha），$ F $
为土壤肥力指数，$ I $ 为每周灌溉量（mm/week），$ T $
为平均气温（℃）。经验系数$ a, b, c $ 分别反映各因素对产量的贡献程
度，模型中设定为常数。该公式体现了肥力和灌溉的正向促进作用，以及温度偏离适宜范围
后对产量的抑制效应。
1
","$$
Y = a \cdot F + b \cdot I - c \cdot T^2
$$"
"建模背景
在教育培训领域，评估学生的学习效果是衡量教学质量和课程成效的重要环节。为了更系统
地理解和预测学生在课程中的表现，构建了一个基于关键影响因素的确定性模型。该模型综
合考虑了学习时长、出勤率、平时测验成绩以及课堂参与度四个核心变量，旨在通过量化方
式反映学生的学习成果，并模拟其在学习过程中的非线性增长趋势。
该模型可用于学生表现预测、教学反馈分析以及个性化学习路径优化等场景，为教育决策提
供数据支持。
建模公式
Score =
100
1 + 𝑒−𝛼(𝑤1𝑥1+𝑤2𝑥2+𝑤3𝑥3+𝑤4𝑥4−𝛽)
其中：
• $ x_1 $ 表示学习时长（小时）
• $ x_2 $ 表示出勤率（百分比）
• $ x_3 $ 表示平时测验平均分（百分比）
• $ x_4 $ 表示课堂参与度（1~5分），经过线性映射后参与计算
• $ w_1, w_2, w_3, w_4 $ 为对应变量的权重系数
• $  $ 控制S型曲线的陡峭程度
1
• $  $ 控制曲线在横轴上的平移位置
该公式通过加权线性组合构建输入项，并利用Sigmoid型函数将其压缩至[0,
100] 区间，从而模拟学习效果的饱和特性与非线性提升趋势。
2
","\[
\text{Score} = \frac{100}{1 + e^{-\alpha(w_1x_1 + w_2x_2 + w_3x_3 + w_4x_4 - \beta)}}
\]

其中：
- \( x_1 \) 表示学习时长（小时）
- \( x_2 \) 表示出勤率（百分比）
- \( x_3 \) 表示平时测验平均分（百分比）
- \( x_4 \) 表示课堂参与度（1~5分），经过线性映射后参与计算
- \( w_1, w_2, w_3, w_4 \) 为对应变量的权重系数
- \( \alpha \) 控制S型曲线的陡峭程度
- \( \beta \) 控制曲线在横轴上的平移位置

该公式通过加权线性组合构建输入项，并利用Sigmoid型函数将其压缩至[0, 100] 区间，从而模拟学习效果的饱和特性与非线性提升趋势。"
"建模背景
在系统建模与时间序列预测任务中，差分方程是一种常用工具，能够描述系统当前状态与历
史状态之间的动态关系。该模型特别适用于具有时序依赖特性的系统，其中当前输出不仅依
赖于当前输入，还受到前几个时间步状态的影响。本建模任务构建了一个包含三个输入变量
的差分方程模型，用于模拟并预测系统的下一状态。该模型结构简洁，便于分析系统内部变
量之间的相互作用，并可用于多变量输入场景下的动态行为预测。
建模公式
模型采用如下差分方程形式：
𝑦𝑡= 𝑎⋅𝑥1,𝑡+ 𝑏⋅𝑦𝑡−1 + 𝑐⋅𝑦𝑡−2 + 𝑑⋅𝑥2,𝑡⋅𝑥3,𝑡
其中，$ y_t $ 表示当前时刻的输出值；$ x_{1,t},
x_{2,t}, x_{3,t} $ 分别表示当前时刻的三个输入变量；$
y_{t-1} $ 和$ y_{t-2} $
表示前两个时间步的输出值，作为系统状态的反馈；$ a, b, c, d $ 为模
型参数，用于调节各输入项对输出的影响权重。该模型综合考虑了外部输入与内部状态的耦
合关系，具有良好的可解释性和灵活性，适用于多输入动态系统的建模与预测。
1
","\[ y_t = a \cdot x_{1,t} + b \cdot y_{t-1} + c \cdot y_{t-2} + d \cdot x_{2,t} \cdot x_{3,t} \]"
"建模背景
在系统行为分析与预测任务中，常常采用确定性模型来描述输入与输出之间的明确关系。该
模型基于一个预定义的数学关系，确保在相同输入条件下始终产生一致的输出结果。此类模
型广泛应用于工程计算、经济预测以及自然科学领域，适用于那些具有明确因果关系的场景
。
本例中，构建了一个基于二次函数关系的确定性模型，用于演示如何通过函数表达式对输入
变量进行系统性映射，从而获得对应的输出值。该建模方法不仅具备良好的可解释性，而且
在计算效率和实现复杂度上均具有显著优势。
建模公式
𝑦= 2𝑥2 + 3𝑥+ 1
其中，$ x $ 表示输入变量，$ y $ 表示对应的输出结果。该公式定义了一个非线性的二次关系，能够反映输入变化对输出的影响趋势。
1
",\[ y = 2x^2 + 3x + 1 \]
